length_m,width_m,height_m,wall_thickness_m,roof_thickness_m,orientation,primary_material,insulation_thickness_m,pcm_thickness_m,occupant_count,equipment_load_w,air_changes_per_hour,region,season,hour,ambient_temp_c,solar_irradiance_peak_w_m2,wind_speed_m_s,envelope_r_wall,envelope_r_roof,room_volume_m3,predicted_indoor_temp_c,actual_indoor_temp_c,surrogate_error_c
3.386286807281596,2.590260101105824,2.7432591277454694,0.34188076125370515,0.2932645077734553,south,rammed-earth,0.11827405634860258,0.051124848083657026,8,174.27986431190234,0.9944503663523359,ladakh,winter,12,-18.2,213.125,14.5,5.1911196758321205,4.191498732127599,11.592783661764283,-0.99646306,-0.4041,-0.5923630603790283
3.409427044482152,2.5295151075572457,2.644245347783282,0.3813380815942936,0.23461812714411237,north,rammed-earth,0.13663051776151836,0.015401945044561141,8,160.32731064436285,0.8310354222962253,ladakh,winter,12,-18.2,213.125,14.5,5.655361618840469,4.4562875601710665,10.33306213928481,-1.0260977,0.0025,-1.0285976552963256
3.077156684407303,2.527452796253707,2.685191359848748,0.3508364662857101,0.28363265333214877,west,insulated-composite,0.13492479172424005,0.017032207393950036,8,177.04171791261334,0.561776696092025,ladakh,winter,12,-18.2,213.125,14.5,8.10036106027281,4.460025968208289,9.548403163578723,-1.0976125,2.387,-3.484612500190735
3.1835859841678413,2.632122210757179,2.4537280186624817,0.19976268571480862,0.26922858631165547,north,insulated-composite,0.1088190533714585,0.05694665569091161,8,182.77818454198882,0.8190923510788171,ladakh,winter,12,-18.2,213.125,14.5,5.896776839966329,3.9219447034184456,12.33502320433333,-1.1341407,0.6697,-1.8038407299041748
3.340842887701026,2.5110785232843984,2.3630739805403422,0.26018811232443984,0.2806101109519398,south,rammed-earth,0.12871964648016138,0.04784830771927876,8,169.4895745044437,0.35308198721255624,ladakh,winter,12,-18.2,213.125,14.5,5.183243741287906,4.474684166877602,10.569487714311263,-1.147551,1.0365,-2.184050940513611
3.4745347464178833,2.5068376805485055,2.6081570059446393,0.2370930666138708,0.3366493490201993,north,rammed-earth,0.12895667471406788,0.038893434672490894,8,158.24766053976794,0.503779142940562,ladakh,winter,12,-18.2,213.125,14.5,5.045190055061955,4.473112448867329,12.633427621662834,-1.155291,-0.0168,-1.138490961265564
3.282084545827237,2.5420291900430647,2.659364508555548,0.409289152918217,0.2117290793729968,north,insulated-composite,0.1363106977643044,0.010300564502209567,8,179.78165959576347,1.0788470617544414,ladakh,winter,12,-18.2,213.125,14.5,8.746954889640508,4.39177861624183,9.542857683007792,-1.1643991,0.967,-2.1313991470336915
3.1355302169555648,2.545166141703282,2.6984622747529166,0.3615582219801451,0.15726891761193348,south,insulated-composite,0.0956152993188956,0.04034562668925759,8,159.7318005085356,0.7081948004346035,ladakh,winter,12,-18.2,213.125,14.5,7.183717734846025,3.3093759005724324,10.290803865451231,-1.1770813,1.1826,-2.3596813465118407
3.2547271905722885,2.670074698700409,2.9231099270109198,0.17806191321022288,0.29967830042563426,north,insulated-composite,0.09956307033400773,0.043836791793380264,8,188.23727633204481,0.6887213078123491,ladakh,winter,12,-18.2,213.125,14.5,5.287773718352518,3.5817428345854667,16.254503088862176,-1.182852,-0.2111,-0.971752029800415
3.308942883767308,2.558686974718615,2.8187631080640014,0.3922695963073495,0.2524727999815909,south,insulated-composite,0.09621992819409335,0.021572536246601198,8,148.96765471394573,1.1418586780844167,ladakh,winter,12,-18.2,213.125,14.5,7.4181233782133456,3.289093035387677,10.597822079079856,-1.1997125,-0.174,-1.0257125148773194
3.0129301320571185,2.7627378899462216,3.0166484392720134,0.41877607154341545,0.2718180732869615,east,insulated-composite,0.12837866819597504,0.02335828897574561,8,166.2102751739795,0.7793579133282882,ladakh,winter,12,-18.2,213.125,14.5,8.69905206070378,4.293091938462059,10.657766619030104,-1.2479606,0.8672,-2.115160567474365
3.0963954232932682,2.716970420400306,2.5211631741154017,0.22527945504605057,0.21550394860946526,south,insulated-composite,0.14750926449141782,0.03968988715029531,8,159.0993785938306,1.2177277133873863,ladakh,winter,12,-18.2,213.125,14.5,7.23768201559701,4.930489640083841,12.626699941817245,-1.2607956,0.0358,-1.2965955932617188
3.0460745561848004,2.5384017390862375,2.4189219963976107,0.34888661556098677,0.2774110544419943,north,insulated-composite,0.07568241994761307,0.055323725315256526,8,150.3661589107351,0.46931986773654916,ladakh,winter,12,-18.2,213.125,14.5,6.538749451191858,2.9144233681887672,8.39189052706188,-1.2707402,1.8455,-3.1162401514053344
3.086891301879245,2.7511478146054933,2.8037671358741636,0.34055238690626366,0.2895558686419348,south,rammed-earth,0.10334585588502081,0.05812115792892125,8,173.0121698848066,1.1098286883369555,ladakh,winter,12,-18.2,213.125,14.5,4.780472125459061,3.782399596625501,11.52496108944276,-1.2756556,-0.3227,-0.9529556272506714
3.4444364466832833,2.593801595955925,2.5916491626382427,0.4230592331571609,0.23862343408534303,south,insulated-composite,0.12237288624040163,0.006408006839566047,8,151.5518500711882,1.2229857476156734,ladakh,winter,12,-18.2,213.125,14.5,8.451647471799955,3.9679197202323166,9.776968418227852,-1.303605,-0.4907,-0.8129049604415893
3.074325733311067,2.7670736852506637,3.1224446681367857,0.19189895582503774,0.331166106105085,east,insulated-composite,0.11445264332722925,0.02874881630614128,8,123.65416160062149,0.5838383572656547,ladakh,winter,12,-18.2,213.125,14.5,5.79213131465942,3.9609807908403907,16.615977203380236,-1.4159117,-0.655,-0.7609116744995117
3.1898146544838744,2.5488668460940875,2.561021835698802,0.3460033636392376,0.2841892669788259,east,rammed-earth,0.08668552010945421,0.0257334482890464,8,185.14480269627632,0.5962724140895043,ladakh,winter,12,-18.2,213.125,14.5,4.079884204042293,3.0567441437093694,9.632515443505447,-1.4407502,0.8306,-2.271350241279602
3.344629055285791,2.52485298691178,3.0459606177492375,0.26925428173496047,0.23847680635801213,south,insulated-composite,0.06559770014608007,0.0452577408825995,8,199.27507619088487,0.5684089817064832,ladakh,winter,12,-18.2,213.125,14.5,5.281241609385984,2.506324464575525,14.533910834492362,-1.4433175,0.2202,-1.6635175325393676
3.1459735611987485,2.525036654133523,2.6654323245688887,0.41535357505646,0.22210543808995498,north,rammed-earth,0.11856660385023941,0.019235803911700634,8,157.97605723503585,1.4183530713379298,ladakh,winter,12,-18.2,213.125,14.5,5.259512656429051,3.923080116773097,8.800176976291022,-1.4542495,0.481,-1.9352495012283324
3.1723714551387214,2.782065532654261,2.422231452601136,0.23770365311882813,0.3003993587236695,north,rammed-earth,0.14892036288553134,0.011137135326236669,8,167.08251828292123,0.5351631594239945,ladakh,winter,12,-18.2,213.125,14.5,5.467369738540207,4.86007616421253,11.955668526960899,-1.5059224,0.1641,-1.6700224367141723
